Question,Answer,eval
What are the most common crimes mentioned in the dataset?,"Based on the unstructured information provided, ""Fraud"" is mentioned in connection to elaborate parties and entertainment which indicates that fraud might be related to financial crimes related to party and entertainment planning. In addition, the structured information mentions fraud as one of the most common crimes mentioned in the dataset, further supporting this theory. Therefore, fraud is a crime that should be closely considered when analyzing financial transactions related to party and entertainment planning.",
"Which case had the highest fine, and what was the amount?","10b-5 is the reference for a particular case in a large collection of cases. However, I am unable to match this reference with any specific information, and therefore cannot determine which case had the highest fine or what the amount was. Can you please provide more information or context?",
How many cases involved insider trading in 2011?,"Based on the analysis of the unstructured information on insider trading violations and structured information on cases involving insider trading in 2011, it appears that there were no cases involving insider trading in 2011. This is in contrast to the unstructured information that mentions insider trading violations in 2011, but does not provide any specific information on cases involving insider trading in that year. Therefore, given the available data, there is no evidence to suggest that there were any cases involving insider trading in 2011.",
What types of actions were taken against violators in 2012?,"Based on the available unstructured information, it appears that a civil action was taken against a person named David H. Stern' in January 26, 2012. However, there is no information on the specific types of actions that were taken against the violator, as well as any associated fines or dates. It is possible that this violator may not be part of the entire year of 2012.",
Who were the violators in cases involving fraud in 2010?,"Based on the available data, it is not clear who the violators in cases involving fraud in 2010 were. The unstructured information indicates that there was a case in 2010 where the violators were not specified and the date and year of the case are not given either. The structured information shows that the data requested is not available, so further research may be needed.",
List all the cases that occurred in March 2021.,"The unstructured information provides a list of fines and the dates associated with them. Out of the five fines, two of them occurred in March 2021. The first fine is a total of $100,000 and was disclosed, while the second fine is a penalty of $125,000. The third and fourth fines are also penalties of $125,000 and $100,000, respectively. However, the structured information is not available for this query. Therefore, it is not possible to provide a complete answer based on both sources.",
What are the different types of fines mentioned in the dataset?,"Based on the information provided, the structured data from the graph database indicates that the different types of fines mentioned in the dataset are $251,392, $16,587, and $4,750,337. The unstructured information mentions fines of $76,676 and $76,676.50. It is unclear whether these fines are part of the types mentioned in the structured data. However, it is likely that the structured data provides a more comprehensive list of different types of fines in the dataset.",
,,
What is the total amount of fines for insider trading cases in the dataset?,"Based on the unstructured information provided, we can determine that the court imposed a total of $6,533,492.88 in fines against the defendants on April 2, 2014. This includes $1,583,445.96 in disgorgement, $4,750,337.88 in penalties, and $199,790.14 in prejudgment interest.

However, the structured information provided indicates that the total amount of fines for insider trading cases in the dataset is 0. Therefore, the answer to the user's query is that the total amount of fines for insider trading cases in the dataset is $0. It's worth noting that the unstructured information provided only provides information about a specific case, whereas the structured information provides information about the overall dataset.",
,,
Which year had the most cases of securities exchange violations?,"Based on the analysis of the unstructured information, it appears that William Andrew Stack was found to be in violation of the securities exchange regulations on January 21, 2021. It is not clear from the unstructured information whether this was a one-time incident or if there were additional violations.

To provide a more comprehensive answer, I would need access to a graph database that contains information on securities exchange violations and their associated dates and years. With this information, we could identify the year(s) with the most cases of violations and provide a meaningful and efficient answer to the user's query.",
"What actions were taken in cases where the fine was over $500,000?","Unfortunately, there is no information available from the two given sources to provide a meaningful answer to the user's query. The unstructured information provided from the similarity search only mentions the action taken in one specific case, while the structured information from the graph database does not provide any useful information on this topic.",
How many cases have disgorgement as a type of fine?,"Based on the unstructured information and the structured information, it can be concluded that there are 6 cases that have disgorgement as a type of fine. The user's query does not specify a particular date or year, so the answer will be accurate regardless of the specified timeframe.",
Identify the cases with multiple crimes listed.,"Based on the unstructured information, it appears that there are multiple criminal actions related to fraud being charged against defendants in Florida. Additionally, it seems that multiple government agencies, including the Southern District of Florida's United States Attorney's office, the FBI's Miami field office, and the Internal Revenue Service's Criminal Investigation Division, played a role in investigating these fraud cases. The specific details of each case can be found in litigation releases with numbers such as 18698, 19274, 19480, 19978, 20151, and others listed in the unstructured information.

Unfortunately, I cannot synthesize information from a graph database without the specific structured information to analyze. If you can provide me with the structured data, I can try to analyze it and provide a more efficient answer.",
What was the most common action taken against violators in 2013?,"Based on the unstructured information provided, we can infer that David H. Stern, the subject of the case, was accused of ""civil action"" and received ""fines,"" but the exact actions taken against violators in 2013 cannot be determined from this alone.",
Which case involved the highest number of violators?,"Based on the unstructured information given in the query, it appears that the case involving more violators is the one related to the court's imposition of judgments on a joint and several basis. The structured information from the graph database indicates that there were 10 violators in that case.
  
The fine for disgorge was $1,583,445, the penalty for the violation was $4,750,337.00, and prejudgment interest for the civil penalty was also $199,790.00. Overall, the total fine for this case was $6,533,492.88.",
Are there any cases without identified violators?,The structured information from the graph database supports the conclusion that there are indeed cases without identified violators in the matter of fraud in Florida.,
What are the various violations of the Securities Exchange Act mentioned?,"Based on the unstructured information provided, it appears that William Andrew Stack violated the anti-fraud and registration provisions of Sections 5(a), 5(c), and 17(a) of the securities act of 1933 and Section 10(b) of the securities exchange act of 1934, as well as rule 10b-5(b) thereunder. The fact that there is no information provided in the structured data on these violations suggests that the information may not be publicly available or easily accessible.

If you have have more specific questions regarding stack's violations, I would be happy to provide additional information from my knowledge cutoff and memory.",
How has the number of cases changed over the years in the dataset?,"The text appears to refer to a case involving insider trading charges against individuals and a company in the USA. However, it does not directly address the number of cases in a dataset or how the cases have changed over time. Please provide more specific information or a different question for me to assist with.",
What is the average fine amount for fraud cases?,"Based on the unstructured information provided, we can infer that the average civil penalty for fraud cases is approximately $96,235. However, it's important to note that this information is based on three individual cases and may not necessarily be representative of all fraud cases.

To provide a more comprehensive answer, we can look at the structured information from a graph database related to fines for fraud cases. Unfortunately, the information provided is only a sample of three cases and doesn't allow us to determine the average civil penalty for fraud cases. However, we can gather more data from a larger sample of cases to derive a more accurate average fine amount.",
Identify cases where the action taken included imprisonment.,"Based on my analysis and synthesis of the unstructured and structured information provided, I can infer that the cases referred to involved charges of misappropriated funds, unregistered offerings, and fraud. The individuals involved in these cases are subject to various types of penalties, including civil penalties, disgorgement, injunctions, and officer and director bars. The Securities and Exchange Commission's investigation was led by David H. Tutor, Matthew Lambert, and John O. Enright, and the litigation will be led by Alexander M. Vasilescu and Mr. Tutor. The case is being supervised by Sanjay Wadhwa.

I apologize, but I do not have access to any additional information that could help identify specific cases where imprisonment was involved. Could you please provide me with more information or context related to these cases?",
What are the most frequent violations mentioned in 2014?,"Based on the information provided, there were no violations mentioned specifically for 2014 in the structured data from the graph database. However, the unstructured information mentions ""violations of the antifraud and registration provisions of Sections 5(a), 5(c), and 17(a) of the securities act of 1933"" as the most frequent violation mentioned, yet the date associated with this violation is January 21, 2021. To answer the user's query, it is important to note that the information provided is not up-to-date and the most frequent violations mentioned in 2014 might not be part of the violations mentioned in the provided data.",
Which violators were involved in more than one case?,"Based on the given data, we can determine that Steven D. Rodemer was involved in more than one case, with violations of the antifraud provisions of Sections 206(1) and 206(2) of the Investment Advisers Act of 1940. We can also see that he was enjoined from violating these provisions and ordered to pay a civil penalty of $385,536.

However, we don't have any information about which other violators were involved in more than one case.",
How many cases were reported in each year of the dataset?,"Based on the unstructured information provided, it is not possible to determine the number of cases reported in each year of the dataset. However, it does mention that there were changes in the stock price of STEC after it announced its first quarter financial results and then again after seeing internal weekly sales reports. Therefore, we can assume that any changes in the number of cases reported in each year would be related to changes in STEC's financial results or other relevant factors that impact the stock price. If the user is looking for information about the number of cases related to STEC's stock price fluctuations, we would need a different set of structured data to answer that question.",
What is the total amount of fines imposed in 2010?,"Based on the unstructured information, it appears that there were fines imposed for the amount of $76,676.50 in the year 2012. However, it is important to note that the unstructured information only indicates the fines imposed in a specific case, and it may not accurately represent the total amount of fines imposed in 2010.

Therefore, the user's query cannot be properly answered based solely on the unstructured information. It is recommended to consult the graph database for a more accurate and comprehensive answer. The structured information indicates that there were fines imposed in 2010, but no specific amount is given. Therefore, it is possible that the total amount of fines imposed in 2010 is not known.",
Are there any trends in the types of crimes committed over the years?,"Looking at the information the user has provided, I can see that there is a trend in the types of crimes being committed over the years. Specifically, the unstructured information indicates that someone named Timothy S. Durham was charged with fraud in 2012. The structured information indicates that crimes such as insider trading, fraud, and misappropriated funds have been reported in past years. This suggests that fraud is one of the types of crimes that have been trending over time. However, the graph database also indicates that other types of crimes, such as insider trading and misappropriated funds, have also been reported. Overall, it seems that fraud is one of the types of crimes that have been consistently reported over the years.",
What was the most severe action taken in a case of insider trading?,"Given the information provided from the similarity search and graph database, it appears that Matthew H. Kluger and Garrett D. Bauer were found to have violated Sections 10(b) and 14(e) of the securities exchange act of 1934 and rules 10b-5 and 14e-3 thereunder as a result of insider trading. The enforcement action was carried out in coordination with the U.S. Attorney's Office for the District of New Jersey, the SEC, the FBI, the Financial Industry Regulatory Authority, and the Options Regulatory Surveillance Authority. The fines imposed were $32 million. This information falls under the category of enforcement actions taken against violators of insider trading.",
How many cases involved multiple crimes?,"It appears that the top result from the similarity search refers to a case settlement and the specific cases involved in that settlement. It states that the case settlements are subject to court approval and gives names of the individuals involved in the investigation and supervision. The structured information provided in the graph network database indicates that there was only one case that involved multiple crimes. Based on this information, it seems like the case settlement referred to in the top result may involve a combination of 'Misappropriated Funds' and 'Fraud' crimes and that the violations involved may have been in violation of specific sections of the securities laws. However, it is important to note that the top result is specific to a certain case, whereas the structured information is more general and may not apply to all cases involving multiple crimes. If you had additional or more specific questions, I would be happy to assist you further.",
Which cases had no action taken against the violators?,"Based on the information provided, it appears that there were no cases where no action was taken against the violators. The unstructured information provided does mention that there were violations of the antifraud provisions of Section 10(b) of the securities exchange act of 1934, but it does not mention any cases where no action was taken against the violators. However, the structured information confirms that there were no cases where no action was taken against the violators based on the information provided. If the user has additional information or if any of the information provided is unclear, I would be happy to assist further.",
,,
Identify the cases with the longest text descriptions.,"Based on the unstructured information provided, it appears that a sales director at ST Eric Inc., a data storage manufacturer located in Santa Ana, CA, was charged with insider trading in company securities by the Securities and Exchange Commission (SEC) on January 13, 2012. The case was filed in the United States District Court for the Central District of California in civil action No. cv12-00354ghx. If you are looking for other cases involving insider trading, you may want to review the SEC's public filings or reach out to the SEC directly for more information.",
What are the common characteristics of cases with the highest fines?,"Based on the provided information, it seems that cases with the highest fines typically involve a significant amount of money. In particular, the fine amount in the given unstructured information is $76,676, which is quite high. However, the structured information suggests that the case with the highest fine amount is one with a much larger fine amount of $4,750,337. Therefore, the common characteristic of cases with the highest fines is that they typically involve a significant amount of money, but in some cases, the fine amount can be even much larger.",
How many cases involved violations of Section 10(b) of the securities exchange act?,"After analyzing the two sources of information, the similarity search showed that there have been cases that involved violations of Section 10(b) of the securities exchange act. On the other hand, the graph database showed that there were no cases specifically mentioning violations of Section 10(b) of the securities exchange act. However, some of the violators of similar laws were flagged in the similarity search, such as Farzin Bazshushtari and the Central District of California. Additionally, details of specific cases involving violations of legal principles similar to Section 10(b) of the securities exchange act were provided in the similarity search. Therefore, it is likely that the number of cases involving violations of Section 10(b) of the securities exchange act would be lower than reported by the graph database but could still exist, which aligns with the information provided in the similarity search.",
What actions were typically taken in cases involving multiple violators?,"The graph database shows that in cases involving multiple violators, the typical actions taken include charging the individuals with violating specific sections of the securities exchange act and its corresponding rules, ordering them to pay disgorgement and civil penalties, and in some cases, charging them with aiding and abetting others' violations. 

There is no information available on specific actions taken in cases where there are multiple violators.",
